title|scroll|fullSize|filename|altText|date|originalDate|caption|originalCaption|transcript
Soft and Angry Cowboah|||softarthur.png|A black and white drawing of a heavyset Arthur Morgan from Red Dead Redemption 2|2026-09-13||I am on my second playthrough of Red Dead 2, and I fully intend on completing the story with Arthur at maximum weight!
Evil Scientists|||evilscientists.jpg|Drs. Neo Cortex (left) and Xeno Wingfield (right) walking together while looking sinister. Dr. Cortex is discussing plans of world domination while Dr. Xeno is intently listening with a mischievous smile.|2026-01-06||I drew this out after learning that Dr. Xeno has quite a bit in common with Dr. Cortex! Balding, first name initial engraved on his forehead, and plans to rule the world! It's the best (or worst?) alliance where surely nothing will go wrong!
Heavy Bowgun: Brain Freeze|||202506mhwildsweapon.jpg|An entry for the Original Weapon and Pendant Design Contest in Monster Hunter Wilds, featuring a Heavy Bowgun shaped like an ice cream cone with three scoops, with the upgraded version being topped with several sprinkles, candy pieces, chocolate drizzle, and whipped cream. In the bottom left is a drawing of a Palico enjoying an ice cream cone.||June 2025|This was an entry for the Original Weapon and Pendant Design Contest in Monster Hunter Wilds! It didn't make it past the first round, but I had a lot of fun designing this! I have but a simple desire to wield a Heavy Bowgun that is silly and nonsensical! (The Palico drawing in the bottom left was drawn by Sam!)||
Let's Go Hunting!|||202503hunting.jpg|Three fan characters for Monster Hunter Wilds. Connie the Hunter is riding on top of Gilgamesh the Seikret, while Socks the Palico is holding onto Gilgamesh's tail.||March 2025|Monster Hunter Wilds has taken over my life, and I couldn't be happier! This was originally going to be on the splash page, but oops, I made it way too detailed!\n\nHere are some details about the hunting group here:\n<ul><li><strong>Connie: </strong>Heavy Bowgun user. Currently wearing the Rompololo armor while in the Forbidden Lands. Born and raised in a rider village, but took a different career path in hunting later down the line.</li><li><strong>Socks: </strong>Melynx Palico. Very strict about abiding to safety regulations and always has Connie chug an Armordrug before setting out on a hunt.</li><li><strong>Gilgamesh: </strong>Seikret steed for Connie. Huge troublemaker, no one knows if Connie controls him or if it's the other way around.</li></ul>||
Halloween 2023||TRUE|202310halloween.jpg|Jibansam as the Cheshire Cat (left), Kaybee as Alice (middle), and Whisper as the White Rabbit (left) in the setting of "Alice in Wonderland". Both Jibansam and Whisper are glaring in each other while Kaybee is nervously eating a pumpkin-shaped cookie that reads, "Eat Me". The cursive text above them reads, "Happy Halloween!"||October 2023|Happy Spoopy Day! 🍬🎃\n\nI was thinking about Yokai Watch again, and I wanted to draw these three. :3||
Lock-jawed and Loaded|||202309rayman.jpg|Rayman in his LockJaw costume from Rayman 3. There is a Chain Chomp attached to the end of his chain.||September 2023|I missed Rayman's birthday, but I had to draw something for one of my childhood heroes! The LockJaw costume doesn't appear in the DLC, but how cool would it be to have a Chain Chomp attached at the end?\n\nHappy belated birthday, Rayman! Here's to a new game, hopefully! 🎂||
Dede-divergent|TRUE||202308adhdedede.jpg|A comic with human designs of King Dedede and a Waddle Dee. The Waddle Dee is asking King Dedede if he's figured out why he has some issues with seemingly easy tasks, to which the king reveals he did and found out he has ADHD.||August 2023|We appreciate a neurodivergent king! This was inspired by this Twitter thread:\n\n![A screenshot of a Twitter thread. The original tweet has a screenshot from the Kirby anime with an X-Ray of King Dedede. The subtitles read, "Dedede had a traumatic childhood, and it negatively impacted his attention span." The original poster's text reads, "You can't just drop this line and not elaborate on it, what the hell happened???" Another Twitter user replies to the tweet with, "He has ADHDedede".](/assets/images/art/game/202308adhdedede_1.png)||**Waddle Dee**: Your Majesty! Did you ever find the reason behind your inexplicable forgetfulness? Or why you suddenly lose your focus while reading? Or why you let your mail pile up on your desk?\n\n**King Dedede**: Sure did!\n\n**King Dedede**: I have ADHDedede.
The Nose Knows?|||202307boop.jpg|A two-part image of Ganondorf and Linebeck set in the Super Smash Bros universe. Ganondorf is sitting on a rock with Linebeck looking at him in the eyes. Linebeck is wearing two party hats: one on his head and one over his nose. In the second part of the image, Linebeck gets closer to Ganondorf until his party-hat nose touches the latter's nose. Linebeck says nothing but "boop", causing the Gerudo's face to turn red.||July 2023|-twirls hair- I'm so normal for these two.||
Yokai Watchers||TRUE|202305yokaiwatchers.jpg|A reference of Whisper, Jibansam, and Kaybee as they appear in an alternate universe of Yokai Watch.||May 2023|I wanted to add a self-insert into Yokai Watch, but I ended up making an entire AU oops.\n\nAlso, a friend chart for giggles! ![A friend chart of Kaybee's, Jibansam's, and Whisper's relationships with one another. The arrow from Kaybee to Whisper says, "Has a massive crush". The arrow from Whisper to Kaybee says, "Loves her a lot...as a friend!" The two-sided arrow between Kaybee and Jibansam says, "Best friends!" The two sided-arrow between Jibansam and Whisper says, "FRENEMIES"](/assets/images/art/game/202305yokaiwatchers_friendchart.jpg){.mt-4}||**Text near Whisper**: 450+ years, unofficial Yokai butler, Kaybee's first friend in years. Cooks and cleans when Kaybee is at work. (Coattails) always slightly moving.\n\n**Text near Kaybee**: 30 years, developer at Springdale Tech., kind of a loner. Loves bug catching. Had this sweater since high school.\n\n**Text near Jibansam**: ??? years, definitely a real cat, Kaybee's roommate. Mostly lounges around Kaybee's apartment. Drawstrings (somehow still act like tails????)
Face Reveal|TRUE||202304mask.jpg|A comic strip that consists of four panels. In the first panel, a hunter is asking Kagero why he wears a mask. Another hunter (Sam) steps in and tells the hunter to let the man be ugly in peace. Later, when Kagero's face is revealed, Sam is visibly shocked and blushing at how handsome he is.||April 2023|I never thought we'd ever see Kagero's face reveal! Man, Sunbreak is so good! (Starring Sam's hunter OC!)||**Hunter with goggles**: So uh, Kagero...what's with the mask?\n\n**Hunter with hat**: Hey! Let the man be ugly in peace!\n\n-LATER-\n\n**Hunter with hat**: OH NO HE'S HOT!!
Care for a Cup?|TRUE||202302howmanylumps.jpg|A recreation of a scene from Looney Tunes except Bugs Bunny is wearing Rathalos armor and Pete Puma is replaced by a Teostra. Bugs asks Teostra how many lumps he'd like. Teostra answers wanting about 3 or 4, to which Bugs replies with several hits to Teostra's head with a hammer.||February 2023|"""It's still a monster, so its head must be a weak point!""\n\nI only seem to put effort into backgrounds if it's for a meme. xD Oh well, at least I had fun with this one!"||**Bugs Bunny**: How many lumps do you want?\n\n**Teostra**: Oh, uh...three or four.
"""We've Won the Boss Rush..."""|||202206_dededeseinfeld.jpg|A recreation of a Seinfeld meme but instead replacing Costanza holding a baseball batt with King Dedede holding his signature hammer.||June 2022|"""...in six fights.""\n\nIf you know the meme, you know the meme! Had a lot of fun with this one! I even tried to crop it at the original aspect ratio lmao"||
A Dedede-lightful Plan|TRUE||202205dededelirious.jpg|A human version of King Dedede from the Kirby game series diabolically plotting a birthday party for Kirby. He is holding a whitebord with his left hand and a marker topped with a star decoration in his right hand.||May 2022|I still wholeheartedly believe that Dedede has become like a father figure to Kirby (and the Waddle Dees), but I love making maniacal expressions for the self-made king of Dreamland!||**King Dedede**: This'll be the best party for Kirby, I know it!\n\n**King Dedede**: There'll be so many presents...and fireworks...Lots and LOTS OF FIREWORKS!!!
Ugly Twin||TRUE|202204uglytwin.jpg|Emmet (left) and Ingo (right) from the Pokemon game franchise enjoying breakfast together.||April 2022|Ever since the revelation that Ingo (and by extension, Emmet) have receding hairlines, I had to recreate a joke that Sam told me years ago! I think they look great and whoever gives them full heads of hair are either ignorant or cowards! xDD||**Emmet**: Hey, Ingo, how's it feel being the ugly twin?\n\n**Ingo**: Emmet, we're *identical* twins. We look the same.
Merry Christmas 2021|||202112merryandbrightdays.jpg|Bright and Mr. Merry (Mew gijinkas) in warm clothing. They are holding hands and pressing their cheeks together. The banner beneath them reads, "May your days be MERRY and BRIGHT"||December 2021|How befitting that Bright and Mr. Merry's names are in the song, "White Christmas"! This was not intentional on mine or Sam's parts lol. It was a happy coincidence!||
deltarune: SUITE ROUTE|TRUE||202111suiteroute.jpg|Noelle and Spamton from deltarune in a snowstorm. Noelle is carrying Spamton who is unconscious.||November 2021|The cover for my unfinished fanfic of the Suite Route, an alternate route where Noelle is the one who meets Spamton in the dumpster! I'm not sure if I'll ever finish this fanfic since, well, chapters 3 and 4 released, but it was fun while it lasted! A lot of people really enjoyed it!||
Kiss, Kiss, Fall in Love!|||202110kisskissfallinlove.jpg|Lea (Serious Handler) giving Aiden (Excitable A-Lister) tugging on his cloak and giving him a kiss on the lips. Aiden is visibly surprised but excited about the kiss nonetheless.||October 2021|A piece dedicated to my sweetest Sam! It's Aiden and Lea, the best pair in Monster Hunter: World! 🥰🥰🥰 I put in so many hours into making this one look super nice! It was a lot of fun||
Cutting Edge|TRUE||202107shirtcutmeme.jpg|A filled meme template called the "Shirt Cut Meme" with various drawings of an alive Sir Daniel Fortescue. Each shirt cut is as follows: sideboob, inner sideboob, boob window, underboob, and free space.||July 2021|Lots of artists provided wonderful fanservice with this meme! So, I decided to provide some "fandisservice" by drawing a certain hero of Gallowmere (in the flesh). B)||
Hero of Gallowmere|||202106danielmarkers.jpg|A marker drawing of Sir Daniel Fortesque sitting on a tombstone.||June 2021|I don't use my Copic markers enough, but I really enjoyed working on this! I worked on this on and off during my work breaks!||
IT'S FRIDAY NIGHT WITH KING DEDEDE|||202101fridaynight.jpg|A recreation of an image made by kisekisymphony (Twitter) for the parody account ItDedede that posts every Friday night at 8PM EST, replacing King Dedede with a human version of King Dedede.||January 2021|Dedicated to my favorite Twitter account [@itdedede](https://twitter.com/itdedede)!||
