name|url|src|freezeframe
treefort|https://treefort.boards.net/|treefort.png
Alice's Alcove|https://alicesdumbstuff.neocities.org/|alicesalcove.gif|true
Ballonlea|https://ballonlea.net|ballonlea.png
clockwork-fairy.net|https://clockwork-fairy.haliya.net/|clockwork-fairy.gif
ghostk.id|https://ghostk.id|https://ghostk.id/i/88x31.gif|true
hachiwa.re|https://hachiwa.re|https://hachiwa.re/static/ext/button.png
HAPPY END|https://adilene.net/|https://adilene.net/images/sitebutton.gif|true
Harmony's Heaven|https://starfrost-spire.neocities.org|starfrost-spire.gif|true
joroki|https://joro.nu/|joroki.png
kuroiOS|https://kuroi.com.br/|kuroios.png
Mudflower|https://mudflower.earth|mudflower.gif
Reala|https://realachao.xyz|realachao-xyz.png|
RoseDryad|https://rosedryad.com|rosedryad.gif|true
Sam's Solar System|https://samsolarsystem.neocities.org|samsolarsystem.gif|true
Tama-Palace|https://tamapalace.tumblr.com/|tama-palace.png
WiNGS.nu|https://wings.nu|wings.png
yatsunote|https://yatsunote.nekoweb.org|yatsunote.png
Yogo Magpie|https://yogomagpie.neocities.org/|yogomagpie.gif|true
zero arms: grani|https://grani.nekoweb.org/|https://grani.nekoweb.org/grani.gif|true